Campaign,Ad Group,Keyword,Criterion Type
Emergency Electrician Services,Emergency Electrician Near Me,contractor,Negative Phrase
Emergency Electrician Services,Emergency Electrician Near Me,maintenance company,Negative Phrase
Emergency Electrician Services,Emergency Electrician Near Me,technician,Negative Phrase
Emergency Electrician Services,Emergency Electrician Near Me,electrical work,Negative Phrase
Emergency Electrician Services,Emergency Electrician Near Me,required,Negative Phrase
Emergency Electrician Services,Emergency Electrician Near Me,installation,Negative Phrase
Emergency Electrician Services,Emergency Electrician Near Me,socket,Negative Phrase
Emergency Electrician Services,Emergency Electrician Near Me,switch,Negative Phrase
Emergency Electrician Services,Emergency Electrician Near Me,annual,Negative Phrase
Emergency Electrician Services,Emergency Electrician Near Me,board,Negative Phrase
Emergency Electrician Services,Emergency Electrician Near Me,charger,Negative Phrase
Emergency Electrician Services,Emergency Electrician Near Me,commercial,Negative Phrase
Emergency Electrician Services,Emergency Electrician Near Me,contract,Negative Phrase
Emergency Electrician Services,Emergency Electrician Near Me,contractors,Negative Phrase
Emergency Electrician Services,Emergency Electrician Near Me,fixing,Negative Phrase
Emergency Electrician Services,Emergency Electrician Near Me,industrial,Negative Phrase
Emergency Electrician Services,Emergency Electrician Near Me,licensed,Negative Phrase
Emergency Electrician Services,Emergency Electrician Near Me,list,Negative Phrase
Emergency Electrician Services,Emergency Electrician Near Me,tender,Negative Phrase
Emergency Electrician Services,Emergency Electrician Near Me,villa,Negative Phrase
Emergency Electrician Services,Emergency Electrician Near Me,works,Negative Phrase
Emergency Electrician Services,General Electrician Services,emergency,Negative Phrase
Emergency Electrician Services,General Electrician Services,24 hour,Negative Phrase
Emergency Electrician Services,General Electrician Services,24hr,Negative Phrase
Emergency Electrician Services,General Electrician Services,contractor,Negative Phrase
Emergency Electrician Services,General Electrician Services,maintenance company,Negative Phrase
Emergency Electrician Services,General Electrician Services,technician,Negative Phrase
Emergency Electrician Services,General Electrician Services,repair,Negative Phrase
Emergency Electrician Services,General Electrician Services,near me now,Negative Phrase
Emergency Electrician Services,General Electrician Services,24hrs,Negative Phrase
Emergency Electrician Services,General Electrician Services,24x7,Negative Phrase
Emergency Electrician Services,General Electrician Services,annual,Negative Phrase
Emergency Electrician Services,General Electrician Services,area,Negative Phrase
Emergency Electrician Services,General Electrician Services,board,Negative Phrase
Emergency Electrician Services,General Electrician Services,commercial,Negative Phrase
Emergency Electrician Services,General Electrician Services,contract,Negative Phrase
Emergency Electrician Services,General Electrician Services,contractors,Negative Phrase
Emergency Electrician Services,General Electrician Services,electricians,Negative Phrase
Emergency Electrician Services,General Electrician Services,fast,Negative Phrase
Emergency Electrician Services,General Electrician Services,fixing,Negative Phrase
Emergency Electrician Services,General Electrician Services,industrial,Negative Phrase
Emergency Electrician Services,General Electrician Services,open,Negative Phrase
Emergency Electrician Services,General Electrician Services,out,Negative Phrase
Emergency Electrician Services,General Electrician Services,outage,Negative Phrase
Emergency Electrician Services,General Electrician Services,power,Negative Phrase
Emergency Electrician Services,General Electrician Services,required,Negative Phrase
Emergency Electrician Services,General Electrician Services,response,Negative Phrase
Emergency Electrician Services,General Electrician Services,tender,Negative Phrase
Emergency Electrician Services,General Electrician Services,weekend,Negative Phrase
Emergency Electrician Services,General Electrician Services,works,Negative Phrase
Emergency Electrician Services,Electrical Repair & Maintenance,emergency,Negative Phrase
Emergency Electrician Services,Electrical Repair & Maintenance,near me,Negative Phrase
Emergency Electrician Services,Electrical Repair & Maintenance,contractor,Negative Phrase
Emergency Electrician Services,Electrical Repair & Maintenance,technician,Negative Phrase
Emergency Electrician Services,Electrical Repair & Maintenance,maintenance company,Negative Phrase
Emergency Electrician Services,Electrical Repair & Maintenance,installation,Negative Phrase
Emergency Electrician Services,Electrical Repair & Maintenance,hire,Negative Phrase
Emergency Electrician Services,Electrical Repair & Maintenance,24hr,Negative Phrase
Emergency Electrician Services,Electrical Repair & Maintenance,24hrs,Negative Phrase
Emergency Electrician Services,Electrical Repair & Maintenance,24x7,Negative Phrase
Emergency Electrician Services,Electrical Repair & Maintenance,annual,Negative Phrase
Emergency Electrician Services,Electrical Repair & Maintenance,area,Negative Phrase
Emergency Electrician Services,Electrical Repair & Maintenance,charger,Negative Phrase
Emergency Electrician Services,Electrical Repair & Maintenance,commercial,Negative Phrase
Emergency Electrician Services,Electrical Repair & Maintenance,contract,Negative Phrase
Emergency Electrician Services,Electrical Repair & Maintenance,contractors,Negative Phrase
Emergency Electrician Services,Electrical Repair & Maintenance,electricians,Negative Phrase
Emergency Electrician Services,Electrical Repair & Maintenance,fast,Negative Phrase
Emergency Electrician Services,Electrical Repair & Maintenance,industrial,Negative Phrase
Emergency Electrician Services,Electrical Repair & Maintenance,licensed,Negative Phrase
Emergency Electrician Services,Electrical Repair & Maintenance,list,Negative Phrase
Emergency Electrician Services,Electrical Repair & Maintenance,open,Negative Phrase
Emergency Electrician Services,Electrical Repair & Maintenance,out,Negative Phrase
Emergency Electrician Services,Electrical Repair & Maintenance,outage,Negative Phrase
Emergency Electrician Services,Electrical Repair & Maintenance,power,Negative Phrase
Emergency Electrician Services,Electrical Repair & Maintenance,required,Negative Phrase
Emergency Electrician Services,Electrical Repair & Maintenance,response,Negative Phrase
Emergency Electrician Services,Electrical Repair & Maintenance,switch,Negative Phrase
Emergency Electrician Services,Electrical Repair & Maintenance,tender,Negative Phrase
Emergency Electrician Services,Electrical Repair & Maintenance,villa,Negative Phrase
Emergency Electrician Services,Electrical Repair & Maintenance,weekend,Negative Phrase
Emergency Electrician Services,Electrical Repair & Maintenance,works,Negative Phrase
Emergency Electrician Services,Electrical Contractors & Technicians,emergency,Negative Phrase
Emergency Electrician Services,Electrical Contractors & Technicians,near me,Negative Phrase
Emergency Electrician Services,Electrical Contractors & Technicians,24 hour,Negative Phrase
Emergency Electrician Services,Electrical Contractors & Technicians,repair,Negative Phrase
Emergency Electrician Services,Electrical Contractors & Technicians,marina,Negative Phrase
Emergency Electrician Services,Electrical Contractors & Technicians,installation,Negative Phrase
Emergency Electrician Services,Electrical Contractors & Technicians,quote,Negative Phrase
Emergency Electrician Services,Electrical Contractors & Technicians,24hr,Negative Phrase
Emergency Electrician Services,Electrical Contractors & Technicians,24hrs,Negative Phrase
Emergency Electrician Services,Electrical Contractors & Technicians,24x7,Negative Phrase
Emergency Electrician Services,Electrical Contractors & Technicians,area,Negative Phrase
Emergency Electrician Services,Electrical Contractors & Technicians,board,Negative Phrase
Emergency Electrician Services,Electrical Contractors & Technicians,charger,Negative Phrase
Emergency Electrician Services,Electrical Contractors & Technicians,electricians,Negative Phrase
Emergency Electrician Services,Electrical Contractors & Technicians,fast,Negative Phrase
Emergency Electrician Services,Electrical Contractors & Technicians,fixing,Negative Phrase
Emergency Electrician Services,Electrical Contractors & Technicians,licensed,Negative Phrase
Emergency Electrician Services,Electrical Contractors & Technicians,list,Negative Phrase
Emergency Electrician Services,Electrical Contractors & Technicians,open,Negative Phrase
Emergency Electrician Services,Electrical Contractors & Technicians,out,Negative Phrase
Emergency Electrician Services,Electrical Contractors & Technicians,outage,Negative Phrase
Emergency Electrician Services,Electrical Contractors & Technicians,power,Negative Phrase
Emergency Electrician Services,Electrical Contractors & Technicians,response,Negative Phrase
Emergency Electrician Services,Electrical Contractors & Technicians,switch,Negative Phrase
Emergency Electrician Services,Electrical Contractors & Technicians,villa,Negative Phrase
Emergency Electrician Services,Electrical Contractors & Technicians,weekend,Negative Phrase
